COVR_3902_US, COVR-3902-US
COVR_3902_USA, COVR-3902-US
COVR_C1203_US, COVR-C1203-US
DAP_1120, DAP-1120
DAP_1120A, DAP-1120
DAP_1320, DAP-1320
DAP_1320A, DAP-1320
DAP_1320B, DAP-1320
DAP_1320C, DAP-1320
DAP_1325A, DAP-1325
DAP_1330, DAP-1330
DAP_1330A, DAP-1330
DAP_1350, DAP-1350
DAP_1350A, DAP-1350
DAP_1353A, DAP-1353
DAP_1360, DAP-1360
DAP_1360A, DAP-1360
DAP_1360B, DAP-1360
DAP_1360C, DAP-1360
DAP_1360F, DAP-1360
DAP_1513, DAP-1513
DAP_1513A, DAP-1513
DAP_1520, DAP-1520
DAP_1520A, DAP-1520
DAP_1522, DAP-1522
DAP_1522A, DAP-1522
DAP_1522B, DAP-1522
DAP_1525, DAP-1525
DAP_1525A, DAP-1525
DAP_1533, DAP-1533
DAP_1533A, DAP-1533
DAP_1555, DAP-1555
DAP_1562, DAP-1562
DAP_1562A, DAP-1562
DAP_1610A, DAP-1610
DAP_1620, DAP-1620
DAP_1620A, DAP-1620
DAP_1650, DAP-1650
DAP_1650A, DAP-1650
DAP_1665, DAP-1665
DAP_1665A, DAP-1665
DAP_1665B, DAP-1665
DAP_1720, DAP-1720
DAP_1720A, DAP-1720
DAP_1860, DAP-1860
DAP_2310A, DAP-2310
DAP_2310B, DAP-2310
DAP_2330, DAP-2330
DAP_2330A, DAP-2330
DAP_2360, DAP-2360
DAP_2360A, DAP-2360
DAP_2360B, DAP-2360
DAP_2553, DAP-2553
DAP_2553A, DAP-2553
DAP_2553B, DAP-2553
DAP_2555, DAP-2555
DAP_2555A, DAP-2555
DAP_2565A, DAP-2565
DAP_2590, DAP-2590
DAP_2610A, DAP-2610
DAP_2630B, DAP-2630
DAP_2660, DAP-2660
DAP_2660A, DAP-2660
DAP_2690, DAP-2690
DAP_2690B, DAP-2690
DAP_2695, DAP-2695
DAP_2695A, DAP-2695
DAP_3310A, DAP-3310
DAP_3320, DAP-3320
DAP_3320A, DAP-3320
DAP_3410A, DAP-3410
DAP_3520, DAP-3520
DAP_3520A, DAP-3520
DAP_3525, DAP-3525
DAP_3525A, DAP-3525
DAP_3662, DAP-3662
DAP_3662A, DAP-3662
DAP_3690, DAP-3690
DCH_M225, DCH-M225
DCH_M225A, DCH-M225
DCH_S150, DCH-S150
DCH_S160A, DCH-S160
DCH_S220A, DCH-S220
DCM_202, DCM-202
DCS_1110A, DCS-1110
DCS_1201, DCS-1201
DCS_2120A, DCS-2120
DCS_2132L, DCS-2132L
DCS_2210L, DCS-2210L
DCS_2230, DCS-2230
DCS_2230L, DCS-2230L
DCS_2330L, DCS-2330L
DCS_2530L, DCS-2530L
DCS_2630L, DCS-2630L
DCS_3010A, DCS-3010
DCS_3415A, DCS-3415
DCS_3511, DCS-3511
DCS_3511A, DCS-3511
DCS_3710, DCS-3710
DCS_3716, DCS-3716
DCS_4602EV, DCS-4602EV
DCS_4603, DCS-4603
DCS_4622, DCS-4622
DCS_4701E, DCS-4701
DCS_4703E, DCS-4703
DCS_4705E, DCS-4705
DCS_4802E, DCS-4802
DCS_4802E_VB1, DCS-4802E-VB1
DCS_5000LA, DCS-5000L
DCS_5009L, DCS-5009L
DCS_5009LA, DCS-5009L
DCS_5010LA, DCS-5010L
DCS_5020L, DCS-5020L
DCS_5020LA, DCS-5020L
DCS_5025LA, DCS-5025L
DCS_5030L, DCS-5030L
DCS_5030LA, DCS-5030L
DCS_5220A, DCS-5220
DCS_5222L, DCS-5222L
DCS_5610A, DCS-5610
DCS_5615, DCS-5615
DCS_5615A, DCS-5615
DCS_6004L, DCS-6004L
DCS_6004LA, DCS-6004L
DCS_6010L, DCS-6010L
DCS_6045LKTA, DCS-6045LKT
DCS_6112, DCS-6112
DCS_6113, DCS-6113
DCS_6212L, DCS-6212L
DCS_6314, DCS-6314
DCS_6315, DCS-6315
DCS_6511B, DCS-6511
DCS_6513, DCS-6513
DCS_6517, DCS-6517
DCS_6517B, DCS-6517
DCS_6616, DCS-6616
DCS_6818, DCS-6818
DCS_6818A, DCS-6818
DCS_6915, DCS-6915
DCS_6915A, DCS-6915
DCS_6915B, DCS-6915
DCS_700LA, DCS-700L
DCS_7010L, DCS-7010L
DCS_7110, DCS-7110
DCS_7413, DCS-7413
DCS_7513, DCS-7513
DCS_7513B, DCS-7513
DCS_7517, DCS-7517
DCS_7517B, DCS-7517
DCS_800L, DCS-800L
DCS_800LA, DCS-800L
DCS_8200LHA, DCS-8200LH
DCS_930L, DCS-930L
DCS_930LA, DCS-930L
DCS_930LB, DCS-930L
DCS_931LA, DCS-931L
DCS_932L, DCS-932L
DCS_932LA, DCS-932L
DCS_932LB, DCS-932L
DCS_933L, DCS-933L
DCS_933LA, DCS-933L
DCS_934LA, DCS-934L
DCS_935L, DCS-935L
DCS_935LA, DCS-935L
DCS_936L, DCS-936L
DCS_942L, DCS-942L
DCS_950A, DCS-950
DCS_950GA, DCS-950G
DCS_960L, DCS-960L
DCS_960LA, DCS-960L
Deco_M4V4_EU, Deco-M4V4-EU
DES_1210_08PA, DES-1210-08P
DES_1210_08PB, DES-1210-08P
DES_1210_28, DES-1210-28
DES_1210_28A, DES-1210-28
DES_1210_28B, DES-1210-28
DES_1210_28C, DES-1210-28
DES_1210_28PA, DES-1210-28P
DES_1210_28PB, DES-1210-28P
DES_1210_28PC, DES-1210-28P
DES_1210_52, DES-1210-52
DES_1210_52A, DES-1210-52
DES_1210_52B, DES-1210-52
DES_1210_52C, DES-1210-52
DES_1228, DES-1228
DES_1526, DES-1526
DES_3010FA, DES-3010F
DES_3200_28, DES-3200-28
DES_3200_28P, DES-3200-28P
DES_3200_52P, DES-3200-52P
DES_3226LB, DES-3226L
DES_3250TG, DES-3250TG
DES_3326, DES-3326
DES_3624, DES-3624
DES_3624I, DES-3624I
DES_6500, DES-6500
DFL_800, DFL-800
DFL_860, DFL-860
DGL_3420, DGL-3420
DGL_4100, DGL-4100
DGL_4300, DGL-4300
DGL_4500, DGL-4500
DGL_5500, DGL-5500
DGL_5500A, DGL-5500
DGS_1100_05, DGS-1100-05
DGS_1100_05PD, DGS-1100-05P
DGS_1100_08, DGS-1100-08
DGS_1100_08P, DGS-1100-08P
DGS_1100_08PDB, DGS-1100-08PD
DGS_1100_10MP, DGS-1100-10MP
DGS_1100_16, DGS-1100-16
DGS_1100_24, DGS-1100-24
DGS_1100_24P, DGS-1100-24P
DGS_1100_26MP, DGS-1100-26MP
DGS_1210_10_MEB, DGS-1210-10 ME
DGS_1210_10C, DGS-1210-10
DGS_1210_10F, DGS-1210-10
DGS_1210_10MPF, DGS-1210-10MP
DGS_1210_10P, DGS-1210-10P
DGS_1210_10P_MEB, DGS-1210-10P ME
DGS_1210_10PA, DGS-1210-10P
DGS_1210_10PB, DGS-1210-10P
DGS_1210_10PC, DGS-1210-10P
DGS_1210_10PF, DGS-1210-10P
DGS_1210_16, DGS-1210-16
DGS_1210_16A, DGS-1210-16
DGS_1210_20, DGS-1210-20
DGS_1210_20B, DGS-1210-20
DGS_1210_20C, DGS-1210-20
DGS_1210_20F, DGS-1210-20
DGS_1210_24, DGS-1210-24
DGS_1210_24A, DGS-1210-24
DGS_1210_26F, DGS-1210-26
DGS_1210_28, DGS-1210-28
DGS_1210_28_MEB, DGS-1210-28 ME
DGS_1210_28B, DGS-1210-28
DGS_1210_28C, DGS-1210-28
DGS_1210_28F, DGS-1210-28
DGS_1210_28MPF, DGS-1210-28MP
DGS_1210_28P, DGS-1210-28P
DGS_1210_28P_MEB, DGS-1210-28P ME
DGS_1210_28PB, DGS-1210-28P
DGS_1210_28PC, DGS-1210-28P
DGS_1210_28PF, DGS-1210-28P
DGS_1210_48, DGS-1210-48
DGS_1210_48A, DGS-1210-48
DGS_1210_52, DGS-1210-52
DGS_1210_52_MEB, DGS-1210-52 ME
DGS_1210_52B, DGS-1210-52
DGS_1210_52C, DGS-1210-52
DGS_1210_52F, DGS-1210-52
DGS_1210_52MP_MEB, DGS-1210-52MP ME
DGS_1210_52MPC, DGS-1210-52MP
DGS_1210_52MPF, DGS-1210-52MP
DGS_1210_52PC, DGS-1210-52P
DGS_1210_SeriesF, DGS-1210-Series
DGS_1210G, DGS-1210G
DGS_1500_20, DGS-1500-20
DGS_1500_20A, DGS-1500-20
DGS_1500_28A, DGS-1500-28
DGS_1500_28P, DGS-1500-28P
DGS_1500_28PA, DGS-1500-28P
DGS_1500_52A, DGS-1500-52
DGS_1510_28, DGS-1510-28
DGS_1510_52, DGS-1510-52
DGS_3000_10TC, DGS-3000-10T
DGS_3100_24P, DGS-3100-24P
DGS_3420_52P, DGS-3420-52P
DGS_6604_SK_48TA, DGS-6604-SK 48T
DGS_6604_SKA, DGS-6604-SK
DGS_6604A, DGS-6604
DGS_6608_SKA, DGS-6608-SK
DGS_6608A, DGS-6608
DHP_1320, DHP-1320
DHP_1320A, DHP-1320
DHP_1565, DHP-1565
DHP_1565A, DHP-1565
DHP_306AV, DHP-306AV
DHP_307AV, DHP-307AV
DHP_540, DHP-540
DHP_541, DHP-541
DHP_601AV, DHP-601AV
DHP_701AV, DHP-701AV
DHP_P701AV, DHP-P701AV
DHP_W306AV, DHP-W306AV
DHP_W306AVA, DHP-W306AV
DHP_W307AV, DHP-W307AV
DHP_W311AV, DHP-W311AV
DHP_W311AVA, DHP-W311AV
DHP_W311AVC, DHP-W311AV
DI_514, DI-514
DI_524, DI-524
DI_524UPA, DI-524UP
DI_604, DI-604
DI_604PLUSA, DI-604PLUS
DI_604UP, DI-604UP
DI_604UPA, DI-604UP
DI_624, DI-624
DI_624M, DI-624M
DI_624S, DI-624S
DI_624SB, DI-624S
DI_701, DI-701
DI_704, DI-704
DI_704P, DI-704P
DI_704UP, DI-704UP
DI_707, DI-707
DI_707P, DI-707P
DI_711, DI-711
DI_713, DI-713
DI_713P, DI-713P
DI_714, DI-714
DI_724GU, DI-724GU
DI_724U, DI-724U
DI_784, DI-784
DI_804, DI-804
DI_804HV, DI-804HV
DI_804V, DI-804V
DI_808HV, DI-808HV
DI_824VUP, DI-824VUP
DI_LB604, DI-LB604
DIR_100A, DIR-100
DIR_120A, DIR-120
DIR_130, DIR-130
DIR_140L, DIR-140L
DIR_140LA, DIR-140L
DIR_300A, DIR-300
DIR_300B, DIR-300
DIR_330, DIR-330
DIR_412, DIR-412
DIR_412A, DIR-412
DIR_450, DIR-450
DIR_450A, DIR-450
DIR_451, DIR-451
DIR_451A, DIR-451
DIR_503A, DIR-503
DIR_505, DIR-505
DIR_505A, DIR-505
DIR_505L, DIR-505L
DIR_505LA, DIR-505L
DIR_506L, DIR-506L
DIR_506LA, DIR-506L
DIR_508L, DIR-508L
DIR_508LA, DIR-508L
DIR_510L, DIR-510L
DIR_510LA, DIR-510L
DIR_513A, DIR-513
DIR_515, DIR-515
DIR_515A, DIR-515
DIR_524E, DIR-524
DIR_524UPA, DIR-524UP
DIR_550A, DIR-550
DIR_600, DIR-600
DIR_600A, DIR-600
DIR_600B, DIR-600
DIR_600B1, DIR-600B1
DIR_600B5, DIR-600B5
DIR_600KR, DIR-600KR
DIR_600L, DIR-600L
DIR_600LA, DIR-600L
DIR_600LB, DIR-600L
DIR_601, DIR-601
DIR_601A, DIR-601
DIR_601B, DIR-601
DIR_604KR, DIR-604KR
DIR_604M, DIR-604M
DIR_605, DIR-605
DIR_605C, DIR-605
DIR_605L, DIR-605L
DIR_605LA, DIR-605L
DIR_605LB, DIR-605L
DIR_605LKR, DIR-605LKR
DIR_615, DIR-615
DIR_615C, DIR-615
DIR_615D, DIR-615
DIR_615E, DIR-615
DIR_615F, DIR-615
DIR_615I, DIR-615I
DIR_615L, DIR-615L
DIR_619L_ES, DIR-619L-ES
DIR_619L_ESB, DIR-619L-ES
DIR_625, DIR-625
DIR_626L, DIR-626L
DIR_626LA, DIR-626L
DIR_628, DIR-628
DIR_629A, DIR-629
DIR_632, DIR-632
DIR_632A, DIR-632
DIR_635, DIR-635
DIR_636L, DIR-636L
DIR_636LA, DIR-636L
DIR_640L, DIR-640L
DIR_640LA, DIR-640L
DIR_645, DIR-645
DIR_645A, DIR-645
DIR_651, DIR-651
DIR_651A, DIR-651
DIR_652B, DIR-652
DIR_655, DIR-655
DIR_655B, DIR-655
DIR_655C, DIR-655
DIR_657, DIR-657
DIR_657A, DIR-657
DIR_665, DIR-665
DIR_665A, DIR-665
DIR_685, DIR-685
DIR_685A, DIR-685
DIR_803, DIR-803
DIR_803A, DIR-803
DIR_808L, DIR-808L
DIR_808LA, DIR-808L
DIR_810L, DIR-810L
DIR_810LA, DIR-810L
DIR_810LB, DIR-810L
DIR_813, DIR-813
DIR_815, DIR-815
DIR_815A, DIR-815
DIR_815B, DIR-815
DIR_815KR, DIR-815KR
DIR_816L, DIR-816L
DIR_816LB, DIR-816L
DIR_817LW, DIR-817LW
DIR_817LWA, DIR-817LW
DIR_818LA, DIR-818L
DIR_818LW, DIR-818LW
DIR_818LWA, DIR-818LW
DIR_818LWB, DIR-818LW
DIR_820L, DIR-820L
DIR_820LA, DIR-820L
DIR_820LA1, DIR-820LA1
DIR_820LB, DIR-820L
DIR_820LB1, DIR-820LB1
DIR_820LWB, DIR-820LW
DIR_822_US, DIR-822-US
DIR_822C, DIR-822
DIR_822KR, DIR-822KR
DIR_825, DIR-825
DIR_825ACAC, DIR-825ACA
DIR_825ACKR, DIR-825ACKR
DIR_825B, DIR-825
DIR_825B1, DIR-825B1
DIR_825C, DIR-825
DIR_825KRB1, DIR-825KRB1
DIR_825KRC1, DIR-825KRC1
DIR_826L, DIR-826L
DIR_826LA, DIR-826L
DIR_827, DIR-827
DIR_827A, DIR-827
DIR_830L, DIR-830L
DIR_830LA, DIR-830L
DIR_835, DIR-835
DIR_835A, DIR-835
DIR_836L, DIR-836L
DIR_836LA, DIR-836L
DIR_842, DIR-842
DIR_842A, DIR-842
DIR_842A1, DIR-842A1
DIR_842B, DIR-842
DIR_842C, DIR-842
DIR_845LA1, DIR-845LA1
DIR_850L, DIR-850L
DIR_850LA, DIR-850L
DIR_850LB, DIR-850L
DIR_850LKR, DIR-850LKR
DIR_855, DIR-855
DIR_855L, DIR-855L
DIR_855LA, DIR-855L
DIR_857, DIR-857
DIR_857A, DIR-857
DIR_859, DIR-859
DIR_859A, DIR-859
DIR_860L, DIR-860L
DIR_860LA, DIR-860L
DIR_860LB, DIR-860L
DIR_865L, DIR-865L
DIR_865LA, DIR-865L
DIR_866L, DIR-866L
DIR_866LA, DIR-866L
DIR_868L, DIR-868L
DIR_868L_ESA, DIR-868L-ES
DIR_868LA, DIR-868L
DIR_868LA1, DIR-868LA1
DIR_868LA3, DIR-868LA3
DIR_868LB, DIR-868L
DIR_868LB1, DIR-868LB1
DIR_868LWB1, DIR-868LWB1
DIR_869, DIR-869
DIR_869A, DIR-869
DIR_878, DIR-878
DIR_878A, DIR-878
DIR_879, DIR-879
DIR_880L, DIR-880L
DIR_880LA, DIR-880L
DIR_885L_R, DIR-885L-R
DIR_890L_R, DIR-890L-R
DIR_890LA, DIR-890L
DIR_900LA, DIR-900L
DIR_905LA, DIR-905L
DIR_905LB, DIR-905L
DIR_X1560, DIR-X1560
DIR_X1860, DIR-X1860
DIR_X5460, DIR-X5460
DMS_1100_seriesA, DMS-1100-series
DNR_2020_04P, DNR-2020-04P
DNR_202L, DNR-202L
DNR_312L, DNR-312L
DNR_322L, DNR-322L
DNR_322LA, DNR-322L
DNR_326, DNR-326
DNR_326A, DNR-326
DNS_120, DNS-120
DNS_120A, DNS-120
DNS_1250_06, DNS-1250-06
DNS_320A, DNS-320
DNS_320LA, DNS-320L
DNS_321A, DNS-321
DNS_323A, DNS-323
DNS_323B, DNS-323
DNS_323C, DNS-323
DNS_325A, DNS-325
DNS_326A, DNS-326
DNS_327LA, DNS-327L
DNS_340L, DNS-340L
DNS_340LA, DNS-340L
DNS_343, DNS-343
DNS_343A, DNS-343
DNS_345A, DNS-345
DNS_726_4A, DNS-726-4
DNS_G120, DNS-G120
DNS_G120A, DNS-G120
DP_301P+, DP-301P+
DPH_128MSA, DPH-128MS
DSA_3100, DSA-3100
DSA_3200, DSA-3200
DSA_5100, DSA-5100
DSL_2320B, DSL-2320
DSL_2320BA, DSL-2320B
DSL_2540B, DSL-2540
DSL_2540BA, DSL-2540B
DSL_2680, DSL-2680
DSL_2740B, DSL-2740
DSL_2740BA, DSL-2740B
DSL_2740R, DSL-2740R
DSL_2750UC, DSL-2750U
DSL_2750UV, DSL-2750UV
DSL_2760UA, DSL-2760U
DSL_2790UV, DSL-2790UV
DSL_300, DSL-300
DSL_302G, DSL-302G
DSL_502G, DSL-502G
DSL_520B, DSL-520
DSL_520BA, DSL-520B
DSL_520BT, DSL-520BT
DSL_6740UH, DSL-6740UH
DSM_120A, DSM-120
DSM_602HA, DSM-602H
DSM_604HA, DSM-604H
DSM_622HA, DSM-622H
DSM_624HA, DSM-624H
DSM_G600A, DSM-G600
DSM_G600B, DSM-G600
DSN_3200_10A, DSN-3200-10
DSN_3400_10A, DSN-3400-10
DSN_4000A, DSN-4000
DSN_4100A, DSN-4100
DSN_5000_10A, DSN-5000-10
DSN_5110_10A, DSN-5110-10
DSN_5410_10A, DSN-5410-10
DSN_610, DSN-610
DSN_6110A, DSN-6110
DSN_6210, DSN-6210
DSN_626, DSN-626
DSN_640A, DSN-640
DSN_6410, DSN-6410
DSN_6410A, DSN-6410
DSN_6510, DSN-6510
DSN_656, DSN-656
DSP_W110, DSP-W110
DSP_W110A, DSP-W110
DSP_W110B, DSP-W110
DSP_W115A, DSP-W115
DSP_W215, DSP-W215
DSP_W215A, DSP-W215
DSP_W215B, DSP-W215
DSR_1000A, DSR-1000
DSR_1000NA, DSR-1000N
DSR_150, DSR-150
DSR_150A, DSR-150
DSR_150C, DSR-150
DSR_150NA, DSR-150N
DSR_150NC, DSR-150N
DSR_250, DSR-250
DSR_250A, DSR-250
DSR_250C, DSR-250
DSR_250NA, DSR-250N
DSR_250NB, DSR-250N
DSR_250NC, DSR-250N
DSR_500, DSR-500
DSR_500A, DSR-500
DSR_500N, DSR-500N
DSR_500NA, DSR-500N
DUB_1312, DUB-1312
DVG_2001S, DVG-2001S
DVG_3004S, DVG-3004S
DVG_3104MSA, DVG-3104MS
DVG_G1402S, DVG-G1402S
DVX_1000, DVX-1000
DWA_131, DWA-131
DWC_1000, DWC-1000
DWC_1000A, DWC-1000
DWC_1000B, DWC-1000
DWC_2000, DWC-2000
DWC_2000A, DWC-2000
DWL_1000AP, DWL-1000AP
DWL_2000AP, DWL-2000AP
DWL_2100AP, DWL-2100AP
DWL_2200AP, DWL-2200AP
DWL_2700AP, DWL-2700AP
DWL_3600AP, DWL-3600AP
DWL_3610APA, DWL-3610AP
DWL_6600AP, DWL-6600AP
DWL_6610AP, DWL-6610AP
DWL_6610APA, DWL-6610AP
DWL_6620APS, DWL-6620APS
DWL_7620AP, DWL-7620AP
DWL_8600AP, DWL-8600AP
DWL_8610AP, DWL-8610AP
DWL_8610APA, DWL-8610AP
DWL_8620AP, DWL-8620AP
DWL_8710APA, DWL-8710AP
DWL_G700APB, DWL-G700AP
DWM_311A, DWM-311
DWR_113B, DWR-113
DWS_3160_24PC, DWS-3160-24P
DWS_3160_24TC, DWS-3160-24T
DWS_4026, DWS-4026
DXE_820T, DXE-820T
DXN_W224A, DXN-W224
DXS_1100_10TS, DXS-1100-10TS
DXS_1210_12SCA1, DXS-1210-12SCA1
DXS_1210_12TCA1, DXS-1210-12TCA1
DXS_1210_SeriesA2, DXS-1210-SeriesA2
DXS_3227, DXS-3227
EBR_2310, EBR-2310
EBR_2310C, EBR-2310
GO_RT_AC750A, GO-RT-AC750
GO_RT_N300, GO-RT-N300
TM_G5240A, TM-G5240
WBR_1310, WBR-1310
WBR_1310D, WBR-1310
WBR_2310, WBR-2310
