Archer_C2V1_EU, Archer_C2
TL_WPA8730V1_EU_or_HK, TL_WPA8730
TL_WR902AC, TL_WR902AC
VIGI_NVR1008HV2, VIGI_NVR1008H
TL_WR802NV1, TL_WR802N
NC260V1_EU, NC260
M7350V4_EU, M7350
TL_MR6400V2, TL_MR6400
TD_W8980BV1, TD_W8980B
Archer_C1200V2_US, Archer_C1200
RE580DV1_EU, RE580D
Archer_C8V2, Archer_C8
TL_WPA8630_KITV1, TL_WPA8630_KIT
TL_WR941HPV1, TL_WR941HP
AC50V1_US, AC50
Archer_C8V1_UN, Archer_C8
TL_WA801NDV1, TL_WA801ND
Deco_M4V2, Deco_M4
Archer_D2V1, Archer_D2
TL_WR1043NV5Soporte, TL_WR1043N
TL_MR3420V1, TL_MR3420
Archer_MR400V3_EU, Archer_MR400
TL_WR1043NDV3, TL_WR1043ND
EAP320V2_EU, EAP320
EAP120V1_EU, EAP120
TL_WA850REV4, TL_WA850RE
RE200V1_US, RE200
Archer_VR200, Archer_
TL_WR841N, TL_WR841N
TL_WR940NV4_EU, TL_WR940N
TD_W8980V1, TD_W8980
TL_WR802N, TL_WR802N
Archer_VR300V1_EU, Archer_VR300
TL_WPA8631PV3, TL_WPA8631P
TL_WR740V1, TL_WR740
TL_WPA4530_KITV2_EU, TL_WPA4530_KIT
Archer_C50V1_EU, Archer_C50
Archer_C20i, Archer_C20i
TL_ER6020V2_US, TL_ER6020
TL_WR940NV5_EU, TL_WR940N
EAP330V1_EU__V2_EU, EAP330V1_EU__
CPE605V1_AU, CPE605
TL_WR941NDV2V3, TL_WR941NDV2
WR841NV12_KR, WR841N
Archer_C3150V1_EU, Archer_C3150
Archer_MR600V1_EU, Archer_MR600
Archer_MR400V2_EU, Archer_MR400
Archer_C7V2_KR, Archer_C7
TL_R600VPNV4_US, TL_R600VPN
TL_WR941NDV5, TL_WR941ND
CPE610V2_AE, CPE610
Archer_C20V1_JP, Archer_C20
Deco_M3WV1_US, Deco_M3W
TL_MR3420, TL_MR3420
TL_WR741NDV4.2, TL_WR741ND
TL_WA890EAV1, TL_WA890EA
RE360V1_US, RE360
M7200V1_EU, M7200
Archer_AX11000V1_EU, Archer_AX11000
TL_WA860REV5, TL_WA860RE
WR841NV14_EU, WR841N
Archer_C1200V3_US, Archer_C1200
M7350V5_EU, M7350
Archer_C7V4_EU, Archer_C7
Deco_E4RV1_US, Deco_E4R
M7200V3_EU, M7200
TL_WR740NV2_US, TL_WR740N
Archer_C55V1_KR, Archer_C55
TA_WA801NDV4_EU, TA_WA801ND
RE590TV1_US, RE590T
NC260V2_EU, NC260
Archer_C58HPV1_EU, Archer_C58HP
TL_WR841HPV1, TL_WR841HP
Archer_C1200V1_US, Archer_C1200
Archer_VR2800vV1_DE, Archer_VR2800v
TL_WA901NDV1, TL_WA901ND
Archer_MR200V5.2_EU, Archer_MR200
TL_WA901NDV4_EU, TL_WA901ND
TL_WR941ND, TL_WR941ND
TL_WPA7510V1_US, TL_WPA7510
TL_WR840NV2_EU, TL_WR840N
TL_WR710N, TL_WR710N
CPE220V3.0_AR, CPE220
TL_WA854REV1, TL_WA854RE
EAP330V2_EU, EAP330
Archer_VR300V2_EU, Archer_VR300
Archer_AX10V1_EU, Archer_AX10
TD_8616, TD_8616
TL_WA701NDV2, TL_WA701ND
OC200V2, OC200
TL_WR1043ND, TL_WR1043ND
TL_WR741ND, TL_WR741ND
Archer_AX1500V1.2_EU, Archer_AX1500
Archer_C50V3_EU, Archer_C50
TL_WA7210NV2, TL_WA7210N
TL_WR802NV2_EU, TL_WR802N
Archer_D9V1, Archer_D9
EAP320V1_EU, EAP320
TD_8840V4, TD_8840
Archer_AX1500V1_EU, Archer_AX1500
Archer_MR200V5_EU, Archer_MR200
TL_WR841HPV3_EU, TL_WR841HP
Archer_C5400XV1_EU_US_JP, Archer_C5400X
Archer_C3150V2_EU, Archer_C3150
Archer_MR600V2_EU, Archer_MR600
TL_WA850REV3, TL_WA850RE
OC300V1, OC300
TL_WR802NV3_EU, TL_WR802N
Archer_MR400V1_EU, Archer_MR400
TL_WAP860V5_EU, TL_WAP860
Archer_C6V2_EU, Archer_C6
Archer_D20, Archer_D20
TL_MR150V2.20_EU, TL_MR150
Archer_C20IV1, Archer_C20I
NC220, NC220
Archer_C60V1_KR, Archer_C60
Archer_MR200V4_EU, Archer_MR200
M7350V6.20_EU, M7350
WR841NV11_KR, WR841N
TL_WR940NV6_EU, TL_WR940N
TL_WPA4530_KITV1_EU, TL_WPA4530_KIT
Archer_C7, Archer_C7
RE200V3_US, RE200
Archer_C3200, Archer_C3200
Deco_M5V2, Deco_M5
NC450V2, NC450
Archer_C20V4_US, Archer_C20
Archer_C58V1_EU, Archer_C58
Archer_C9V2, Archer_C9
TL_WR842ND, TL_WR842ND
TL_WR840NV3_EU, TL_WR840N
Archer_C2V3_EU, Archer_C2
TL_WA901NDV5_EU, TL_WA901ND
TL_WA855REV2, TL_WA855RE
TA_WA801NDV5_EU, TA_WA801ND
TL_WR841HPV1.20, TL_WR841HP
M7000V1_EU, M7000
TL_WR740NV5, TL_WR740N
TL_WA730REV2, TL_WA730RE
RE605XV1, RE605X
M7200V2_EU, M7200
CPE520V2_EU, CPE520
TL_WA801NDV2, TL_WA801ND
TL_WR843NV2_EU, TL_WR843N
Archer_C20V1, Archer_C20
Archer_C3200V1_EU, Archer_C3200
TL_WR710NV9.80, TL_WR710N
RE205V3_US, RE205
TL_WPA8630_KITV2_EU, TL_WPA8630_KIT
TD_VG3631V1, TD_VG3631
Archer_C2V1_KR, Archer_C2
VIGI_NVR1008V1, VIGI_NVR1008
TD_W8970V3, TD_W8970
Archer_AX73V1_EU, Archer_AX73
RE450V2_EU, RE450
Archer_C8V1_US, Archer_C8
TD_8810V4, TD_8810
TL_WR740NV1, TL_WR740N
Archer_A7V5_EU, Archer_A7
TL_WR940N, TL_WR940N
Archer_D20V1, Archer_D20
Deco_X20_DSLv1, Deco_X20_DSLv1
Archer_C5400XV1_EU, Archer_C5400X
TL_MR100V1_EU, TL_MR100
WR841NDV11_US, WR841ND
Archer_MR400V4_VN, Archer_MR400V4_
Archer_C60V3_EU, Archer_C60
WR841NV13_EU, WR841N
TL_MR3420V2, TL_MR3420
TL_WR940NV3, TL_WR940N
Archer_D20V1_EU, Archer_D20
M7350V2_EU, M7350
TD_W8960NBV1, TD_W8960NB
TL_WPA8631PV3_EU, TL_WPA8631P
TL_WR840NV6_EU, TL_WR840N
WR841NV12_EU, WR841N
Archer_C60V2_EU, Archer_C60
TD_W8901N, TD_W8901N
Archer_C7V2_EU, Archer_C7
RE300V1, RE300
TD_W8970BV1, TD_W8970B
M7350V3_EU, M7350
TL_WR741NDV5, TL_WR741ND
Archer_C50V1_KR, Archer_C50
VIGI_NVR1008HV2_EU, VIGI_NVR1008H
TL_WPA8630PV1_EU, TL_WPA8630P
Archer_VR2600V1_EU, Archer_VR2600
Archer_C50V2, Archer_C50
Archer_C6V3.20_EU, Archer_C6
RE450V3_EU, RE450
Archer_C59V1_EU, Archer_C59
Archer_MR200V1_EU, Archer_MR200
TD_W8970, TD_W8970
TL_WR847NV8_KR, TL_WR847N
TL_841NDV5, TL_841ND
AD7200, AD7200
TL_WR840N, TL_WR840N
Archer_MR400V4_EU, Archer_MR400
TL_WR843NV3_EU, TL_WR843N
CAP300V1_EU, CAP300
RE505XV1_EU, RE505X
Deco_E4V1_EU, Deco_E4
TL_WR941NDV6, TL_WR941ND
TL_WPA4530_KITV1, TL_WPA4530_KIT
Archer_C1900V2_US, Archer_C1900
TL_WR802NV4_EU, TL_WR802N
TL_WA854REV2, TL_WA854RE
TL_WR941HPV2_EU, TL_WR941HP
RE380DV1_US, RE380D
Archer_C7V3, Archer_C7
TL_WA901NDV2, TL_WA901ND
TL_WR841HPV5_EU, TL_WR841HP
Archer_MR200V3_EU, Archer_MR200
TL_WR841HPV2, TL_WR841HP
CPE510V3.2_EU, CPE510
RE400V1_US, RE400
TL_WR720N, TL_WR720N
RE200V4_US, RE200
TL_WA860REV1, TL_WA860RE
Archer_GX90V1_EU, Archer_GX90
TL_WPA8630PV2.1_EU, TL_WPA8630P
NC230, NC230
TD_W9980, TD_W9980
M7350V1_EU, M7350
WR841NV9_US, WR841N
TL_WR840NV4_EU, TL_WR840N
TL_WR747NV4_KR, TL_WR747N
AP200V1_EU, AP200
WR841NDV9_US, WR841ND
TA_WA701NDV2_EU, TA_WA701ND
TD_W9977V1_EU, TD_W9977
TL_WA701NDV1, TL_WA701ND
TL_WPA8630PV2_EU, TL_WPA8630P
TA_WA801NDV3_EU, TA_WA801ND
AP500V1_US, AP500
WR841NDV8_US, WR841ND
TL_WR940NV4, TL_WR940N
TL_WA850REV2_EU, TL_WA850RE
TD_8817, TD_8817
Archer_C900V1_US, Archer_C900
Archer_C20IV1_US, Archer_C20I
Archer_C3150V2_KR, Archer_C3150
CPE220V3.0_US, CPE220
TD_W8980, TD_W8980
Archer_AX10V1.2_EU, Archer_AX10
WR841NV11_EU, WR841N
TL_WR840NV5_EU, TL_WR840N
Archer_A6V2_EU, Archer_A6
WR841NV8_US, WR841N
RE210V1_US_CA, RE210
Archer_C60V1_EU, Archer_C60
Archer_C2600V1, Archer_C2600
RE205V1_US, RE205
TD_8811V4, TD_8811
Archer_C5400V1, Archer_C5400
TL_WR841ND, TL_WR841ND
TL_WR902ACV3_US, TL_WR902AC
Archer_C50V4_EU, Archer_C50
Archer_C6UV1_EU, Archer_C6U
Archer_C20iV1_EU, Archer_C20i
RE605XV2, RE605X
WBS510V2_US, WBS510
TL_WA730REV1, TL_WA730RE
TD_8810V6AU, TD_8810
TL_WA855REV1, TL_WA855RE
Archer_D5V2_EU, Archer_D5
TL_WA801NDV5, TL_WA801ND
TL_WA850REV1.20, TL_WA850RE
Archer_C5V2_UN, Archer_C5
Archer_C9V1, Archer_C9
RE600XV2_EU, RE600X
TD_W8151N, TD_W8151N
RE350V1_US, RE350
Archer_C59V2_EU, Archer_C59
Archer_MR200V2_EU, Archer_MR200
NC450V1, NC450
RE210V1_EU, RE210
TL_WA850REV2, TL_WA850RE
TL_WR802NV2_US, TL_WR802N
TD_W8960N, TD_W8960N
RE200V2_EU, RE200
TD_W8970V3_EU, TD_W8970
CAP1200V1_EU, CAP1200
TL_WR940NV6, TL_WR940N
Archer_VR400V3_EU, Archer_VR400
TL_WR740NV4_KR, TL_WR740N
RE650V1, RE650
Archer_C25V1_EU, Archer_C25
WB510V2_AE, WB510
Archer_C9V3, Archer_C9
TL_MR3420V5_EU, TL_MR3420
TL_WPA7510V1_EU, TL_WPA7510
TD_W8961ND, TD_W8961ND
TL_MR3020V3_EU, TL_MR3020
TL_MR6500VV1, TL_MR6500V
Archer_C1200V1_EU, Archer_C1200
Archer_C9V1_EU, Archer_C9
Archer_C50v6_EU, Archer_C50v6_EU
RE205V2, RE205
Archer_C20V5_EU, Archer_C20
TD_8811V6, TD_8811
Archer_VR900V3_EU, Archer_VR900
TL_MR3040, TL_MR3040
RE590TV1_EU, RE590T
TL_WA855REV3, TL_WA855RE
Archer_C20, Archer_C20
TL_WR740NV4, TL_WR740N
TL_MR6500VV1.20_EU, TL_MR6500V
Archer_VR900V2_EU, Archer_VR900
TL_WR902ACV1, TL_WR902AC
TL_WR845NV3_EU, TL_WR845N
CAP300__outdoor_V1_EU, CAP300__outdoor_
RE190V4_EU, RE190
TL_MR6400V5.20_EU, TL_MR6400
Archer_C7V1, Archer_C7
TL_WR810NV1_EU, TL_WR810N
Archer_C20V4_EU, Archer_C20
Archer_AX1800V3.6_US, Archer_AX1800
TL_WA801NV6_EU, TL_WA801N
TL_WPA8630V1_EU, TL_WPA8630
RE305V3_US, RE305
RE200V3_EU, RE200
Archer_A5V4_EU, Archer_A5
VIGI_C300HPV2_EU, VIGI_C300HP
Archer_D7V1_EU, Archer_D7
TL_WR810N, TL_WR810N
AD7200V1_EU, AD7200
TL_WPA4220V4_EU, TL_WPA4220
Archer_VR600V1_EU, Archer_VR600
Archer_VR400V2_EU, Archer_VR400
CPE210V3.2, CPE210
TL_MR3220, TL_MR3220
M7350V3.2_EU, M7350
TD_VG3511V1, TD_VG3511
TD_8810V6NZ, TD_8810
WR841NV8_KR, WR841N
TL_WA7510NV2, TL_WA7510N
TA_WA1201V2, TA_WA1201
Archer_VR300V1.2_EU, Archer_VR300
Archer_A9V6_EU, Archer_A9
Archer_C3150V2_US, Archer_C3150
Archer_C5V1.20, Archer_C5
TX_6610V4_AE, TX_6610
TL_SC4171GV1, TL_SC4171G
Archer_VR2800V1_EU, Archer_VR2800
Archer_VR600V3_EU, Archer_VR600
TL_MR3020V3.20_EU, TL_MR3020
RE200V1_EU, RE200
Archer_D50V1_EU, Archer_D50
RE305V1_US, RE305
Archer_AX50V1_EU, Archer_AX50
TD_8840V2, TD_8840
EAP120V1_US, EAP120
TOUCH_P5V1, TOUCH_P5
WBS210V1, WBS210
TL_WR8741NDV2, TL_WR8741ND
TL_WR845NV1_EU, TL_WR845N
AC50V1_EU, AC50
TL_WR941NDV4, TL_WR941ND
RE580DV1_US, RE580D
NC450UN, NC450UN
TL_MR6400V5_EU, TL_MR6400
TL_SC3430NV1, TL_SC3430N
TL_WR1043NDV4_EU_or_IN, TL_WR1043ND
Deco_M5V3.2, Deco_M5
Archer_C1200V2_EU, Archer_C1200
Archer_C9V2_EU, Archer_C9
Archer_C2V1_US, Archer_C2
TL_WPA7510V2_EU, TL_WPA7510
Deco_M5V3.8, Deco_M5
TL_WA860REV4, TL_WA860RE
TD_W8951ND, TD_W8951ND
Archer_C7V4_US, Archer_C7
Archer_C9V3_EU, Archer_C9
VIGI_C400HPV2_EU, VIGI_C400HP
TD_W9970V4_EU, TD_W9970
NC200V1_WW, NC200
VIGI_NVR1008V1_EU, VIGI_NVR1008
TL_WR702N, TL_WR702N
TD_W8970V1, TD_W8970
Deco_M4V4_EU, Deco_M4
WR841NV14_US, WR841N
TL_WA855REV4, TL_WA855RE
TL_WR810NV2_EU, TL_WR810N
TL_WR740NV3, TL_WR740N
Deco_M4V3, Deco_M4
TL_R860, TL_R860
TL_MR6400V4_EU, TL_MR6400
Archer_VR900V1_EU, Archer_VR900
Archer_C8V3, Archer_C8
RE360V1_EU, RE360
AP300V1_EU, AP300
EAP22_outdoorV1_EU, EAP22_outdoor
TL_WR940NV1, TL_WR940N
TL_WR1043NDV2, TL_WR1043ND
TL_WR843NV2, TL_WR843N
CAP1750V1_EU, CAP1750
VIGI_NVR1016HV1, VIGI_NVR1016H
TL_WPA9610V1_EU, TL_WPA9610
Archer_D5V1, Archer_D5
Deco_P9V2_US, Deco_P9
Archer_VR600V2_EU, Archer_VR600
TL_741NDV3, TL_741ND
TL_WR740NV6_KR, TL_WR740N
Archer_VR400V1_EU, Archer_VR400
TL_WA850REV5, TL_WA850RE
TL_WR710NV2, TL_WR710N
TL_WR740NV7_EU_or_AE, TL_WR740N
RE500V1_US, RE500
Archer_C50V1_US, Archer_C50
AD7200V2_EU, AD7200
RE650V2, RE650
TD_8816, TD_8816
RE220V2_EU, RE220
TL_WA855REV1_EU, TL_WA855RE
M7300V1_EU, M7300
TL_WR940NV5, TL_WR940N
TL_WR845NV4_EU, TL_WR845N
Archer_D7V1, Archer_D7
TD_W8950N, TD_W8950N
TL_MR3420V3_EU, TL_MR3420
M7310V2_EU, M7310
WR841NV9_EU, WR841N
TL_WA850REV1, TL_WA850RE
Archer_C2600V1_US, Archer_C2600
TL_MR150V2_EU, TL_MR150
Deco_P7V1, Deco_P7
WR841NV7_US, WR841N
TL_WR802NV4, TL_WR802N
NC250V1_US, NC250
TD_8811V5, TD_8811
TL_R470T+V6_US, TL_R470T+
VIGI_NVR1008V1_EU_or_AE, VIGI_NVR1008
TL_WPA4220V3_EU, TL_WPA4220
CPE510V3.2_US, CPE510
NC200V1_EU, NC200
Archer_C8V2_EU, Archer_C8
RE450V1_US, RE450
TL_WR945NV1_EU, TL_WR945N
TD_WD9960V1.2_EU, TD_WD9960
Archer_D7BV1, Archer_D7B
WR841NDV7_US, WR841ND
RE380DV1_EU, RE380D
TL_WR841HPV3, TL_WR841HP
TD_W8961N, TD_W8961N
Archer_C8V3_EU, Archer_C8
TL_WA901NDV3, TL_WA901ND
TL_WR840NV6.20_EU, TL_WR840N
Archer_C59V2_US, Archer_C59
TL_WA854REV3, TL_WA854RE
TX_6610V2_AE, TX_6610
WPA4220V3_US, WPA4220
TL_WR902ACV3_EU, TL_WR902AC
TL_WDR4900V1, TL_WDR4900
CPE605V1_EU, CPE605
TL_WPA4220V2_EU, TL_WPA4220
RE450V2_CA_FR, RE450
WR841NV11_US, WR841N
TL_WR840NV1, TL_WR840N
TL_MR3620V1_EU, TL_MR3620
Archer_C2600, Archer_C2600
Archer_C20V2_EU, Archer_C20
TL_MR6400, TL_MR6400
M7450V1_EU, M7450
TD_W9970V1_EU, TD_W9970
TL_MR6400V1_EU, TL_MR6400
RE365V1, RE365
TL_R480T+V9_US, TL_R480T+
AP500V1_EU, AP500
TL_WR740NV5_EU, TL_WR740N
Archer_C9V3_CA, Archer_C9
TL_WA860REV2_EU, TL_WA860RE
TD_W9970V3_EU, TD_W9970
TL_WR741NDV4, TL_WR741ND
Archer_C5400V1_EU, Archer_C5400
Archer_C9V4_EU, Archer_C9
WBS210V2, WBS210
M7310V1_EU, M7310
TL_WR940N_PlusV6_KR, TL_WR940N_Plus
WR841NV13_US, WR841N
Archer_VR2100V1_EU, Archer_VR2100
TL_WR740N, TL_WR740N
WBS510V2, WBS510
Archer_C50V3, Archer_C50
TL_MR3020, TL_MR3020
TL_MR6400V3_EU, TL_MR6400
TL_WA855REV2_EU, TL_WA855RE
Archer_A7V5_US, Archer_A7
TL_MR3020V1, TL_MR3020
Deco_S4V2, Deco_S4
EAP265HDV1_EU, EAP265HD
Archer_C4000V2_EU, Archer_C4000
RE205V3_EU, RE205
Archer_C3150, Archer_C3150
Archer_D2V1_EU, Archer_D2
TL_WPA8630_KITV2_US, TL_WPA8630_KIT
TL_WA901NDV4, TL_WA901ND
TL_WPA8730V1_US, TL_WPA8730
TL_WR902ACV1_EU, TL_WR902AC
M7650V1.1_EU, M7650
Archer_C4000V3_EU, Archer_C4000
TD_8810V6T, TD_8810
TL_WA801NDV3, TL_WA801ND
CAP300V1_US, CAP300
Archer_C3200V1, Archer_C3200
Archer_C9V3_KR, Archer_C9
RE500XV1_EU, RE500X
TL_SC3430V1, TL_SC3430
Deco_M9_PlusV1, Deco_M9_Plus
TD_8810V5, TD_8810
Archer_C5400, Archer_C5400
EAP220V1_EU, EAP220
Deco_X20_DSLV1_EU, Deco_X20_DSL
RE600XV1_US, RE600X
TL_WPA7510_KITV2_EU, TL_WPA7510_KIT
Archer_C59V1_US, Archer_C59
TL_WR740NV6_EU, TL_WR740N
WR841NDV10_EU, WR841ND
TD_WD9960V1_EU, TD_WD9960
TL_WPA8630PV1_US, TL_WPA8630P
EAP225V3.20_EU, EAP225
TL_WR710NV1, TL_WR710N
TL_WA850REV6, TL_WA850RE
TL_WR841NDV3.0, TL_WR841ND
TL_WA855REV3_EU, TL_WA855RE
RE355V1, RE355
M7300V3_EU, M7300
TD_W8968, TD_W8968
TL_WA820REV1_EU, TL_WA820RE
Archer_C7V2_US, Archer_C7
TL_WA901NV6_EU, TL_WA901N
Archer_C20V1_EU, Archer_C20
Archer_C2300V1_EU, Archer_C2300
M7450V2_EU, M7450
Archer_C8, Archer_C8
M7650V1_EU, M7650
Archer_D5V2, Archer_D5
TD_W9970V2_EU, TD_W9970
Deco_M4V2_EU, Deco_M4
WR841NV12_US, WR841N
Archer_C2, Archer_C2
TL_MR3420V3, TL_MR3420
TL_WR940NV2, TL_WR940N
TL_WR1043NDV1, TL_WR1043ND
