TI_G642i1.0R,TI_G642i,-
TEG_284WS1.5R,TEG_284WS,8/4/2021
TL2_E2841.0R,TL2_E284,3/15/2017
TEG_2248WSC1.0R,TEG_2248WSC,-
TEW_716BRG1.0R,TEW_716BRG,10/13/2022
TEW_634GRU1.0R,TEW_634GRU,5/3/2012
TEW_410APBPlusA,TEW_410APBPlusA,-
TEW_753DAP1.0R,TEW_753DAP,3/13/2017
TEW_432BRPD1.2R,TEW_432BRPD,-
TS_U200,TS_U200,1/4/2010
TI_PG541i1.0R,TI_PG541i,-
TEW_722BRM1.0R,TEW_722BRM,3/30/2017
TEW_714TRU1.0R_EU,TEW-714TRU,5/18/2021
TEG_204WS1.0R,TEG_204WS,8/4/2021
TPE_5048WS1.0R,TPE_5048WS,8/4/2021
TEW_435BRMD1.0R,TEW_435BRMD,-
TW100_BRM504A1,TW100_BRM504A1,-
TEW_652BRU1.0R,TEW_652BRU,12/13/2013
THA_1011.0R,THA_101,1/2/2018
TPE_2840WS2.5R,TPE_2840WS,8/4/2021
TEW_692GR1.0R,TEW_692GR,2/21/2014
TI_PG1284i1.0R,TI_PG1284i,6/16/2020
TPL_430AP1.0R,TPL_430AP,10/5/2020
TL2_G2441.0R,TL2_G244,3/5/2024
TEW_734APO1.0R,TEW_734APO,5/8/2019
TPL_410AP2.0R,TPL_410AP,3/1/2019
TEG_401281.0R,TEG_40128,4/30/2019
TEW_820DRU1.0R,TEW_820DRU,-
TEW_718BRM1.0R,TEW_718BRM,1/31/2015
TEW_640MB1.0R,TEW_640MB,5/1/2014
TDM_C5001.0R,TDM_C500,12/1/2014
TEG_082WS2.5R,TEG_082WS,8/4/2021
TEW_755AP1.0R,TEW_755AP,2/6/2023
TEW_816DRM1.0R,TEW_816DRM,1/2/2020
TV_IP110WN2.0R,TV_IP110WN,5/21/2012
TEW_812DRU2.xR,TEW_812DRU,10/29/2020
TEW_818DRU1.0R,TEW_818DRU,10/28/2020
TEW_687GA1.0R,TEW_687GA,9/19/2014
TI_PG1284i2.0R,TI_PG1284i,6/16/2020
TEG_448WSC1.0R,TEG_448WSC,-
TI_G160i1.0R,TI_G160i,-
TEG_30102WS1.0R,TEG_30102WS,9/13/2021
TN_2001.0R,TN_200,9/1/2016
TI_G102i1.0R,TI_G102i,3/5/2024
TEW_737HRE1.1R,TEW_737HRE,7/27/2020
TPE_1020WS1.0R,TPE_1020WS,8/13/2024
TV_IP551WI1.1R,TV_IP551WI,6/1/2014
TPE_3018LS1.0R,TPE_3018LS,-
TEW_WLC100P1.0R,TEW_WLC100P,6/23/2022
TL2_G2442.0R,TL2_G244,3/5/2024
TEW_690AP1.0R,TEW_690AP,4/1/2016
TEW_713RE1.0R,TEW_713RE,10/23/2020
TPE_204US1.0R,TPE_204US,5/4/2022
TPE_1620WS2.5R,TPE_1620WS,8/4/2021
TWG_431BR1.0R,TWG_431BR,-
TS_U100,TS_U100,11/15/2012
TPE_5240WS1.0R,TPE_5240WS,8/4/2021
TEW_638APB3.0R,TEW_638APB,8/11/2023
TEW_230APB,TEW_230APB,-
TEW_430APBC1.0R,TEW_430APBC,-
TEW_647GA2.xR,TEW_647GA,10/27/2020
TEW_411BRPPlusA,TEW_411BRPPlusA,-
TEW_813DRU1.0R,TEW_813DRU,4/27/2016
TPE_224WSC1.0R,TPE_224WSC,-
TEW_658BRM1.0R,TEW_658BRM,2/1/2015
TL2_PG2841.0R,TL2_PG284,4/4/2022
TEW_639GR1.0R,TEW_639GR,9/19/2013
TV_IP751WC1.0R,TV_IP751WC,1/1/2016
TEG_160WSD1,TEG_160WSD1,-
TEW_637AP3.0R,TEW_637AP,4/18/2016
TV_IP651W1.0R,TV_IP651W,1/1/2016
TEW_825DAP1.5R,TEW_825DAP,2/17/2023
TEW_656BRG1.0R,TEW_656BRG,6/17/2014
TEW_824DRU1.0R,TEW_824DRU,6/28/2018
TEW_638APB2.0R,TEW_638APB,8/11/2023
TEW_655BR3G1.0R,TEW_655BR3G,10/27/2020
TEW_730APO1.0R,TEW_730APO,8/25/2020
TI_RP262i1.0R,TI_RP262i,-
TW100_BRM504C1.0R,TW100_BRM504C,-
TEW_637APB1.0R,TEW_637APB,-
TEW_657BRM1.0R,TEW_657BRM,6/27/2011
TEW_714TRU1.0R,TEW_714TRU,5/18/2021
TI_PG102i1.0R,TI_PG102i,1/10/2023
TPE_5028WS1.0R,TPE_5028WS,8/4/2021
TL2_G4481.0R,TL2_G448,3/19/2019
TEW651BR,TEW651BR,-
TEW_751DR1.0R,TEW_751DR,3/14/2018
TV_IP551WI1.0R,TV_IP551WI,6/1/2014
TEW691GR,TEW691GR,-
TEW_815DAP1.0R,TEW_815DAP,4/2/2018
TEW_811DRU1.0R,TEW_811DRU,9/1/2015
TV_IP301W1.0R,TV_IP301W,9/10/2010
TEW_737HRE1.0R,TEW_737HRE,7/27/2020
TEW_691GR1.0R,TEW_691GR,8/28/2013
TEW_638APB1.0R,TEW_638APB,8/11/2023
TEW_639GR3.0R,TEW_639GR,9/19/2013
TV_IP322WI1.0R,TV_IP322WI,10/16/2019
TEW_637APB2.0R,TEW_637APB,-
TV_IP320PI__TV_IP320PI2K__TV_IP321PI__TV_IP322WI_TV_IP340PI__TV_IP341PI,TV-IP320PI,1/2/2020
TEG_524WS1.0R,TEG_524WS,8/4/2021
TEW_739APBO1.0R,TEW_739APBO,6/27/2018
TEW_828DRU1.0R,TEW_828DRU,11/15/2017
TV_IP320PI1.0R,TV_IP320PI,1/2/2020
TEW_636APB1.0R,TEW_636APB,9/13/2012
TPE_2840WS2.0R,TPE_2840WS,8/4/2021
TEW_659BRV1.0R,TEW_659BRV,4/23/2012
TEW_652BRP3.0R,TEW_652BRP,3/5/2013
TEW_635BRM1.0R,TEW_635BRM,4/7/2011
TEW_740APBO2K3.0R,TEW_740APBO2K,6/1/2021
TEW_632BRPA1.1,TEW_632BRPA,-
TEW_821DAP1.0R,TEW_821DAP,2/17/2023
TEW_827DRU2.0R,TEW_827DRU,11/2/2017
TEG_302841.0R,TEG_30284,9/21/2022
TEW_822DRE1.0R,TEW_822DRE,5/3/2019
TPL_310AP1.0R,TPL_310AP,12/1/2014
TEW_812DRU1.0R,TEW_812DRU,10/29/2020
TEG_082WS1.0R,TEG_082WS,8/4/2021
TEW_820AP1.0R,TEW_820AP,10/4/2017
TEW_752DRU1.0R,TEW_752DRU,12/28/2017
TEW_740APBO2K2.0R,TEW_740APBO2K,6/1/2021
TL_PG4841.0R,TL_PG484,-
THA_103AC1.0R,THA_103AC,11/14/2016
TEW_652BRP2.0R,TEW_652BRP,3/5/2013
TEG_284WS1.0R,TEG_284WS,8/4/2021
TEW_WLC1001.0R,TEW_WLC100,6/23/2022
TEW_712BR1.0R,TEW_712BR,8/25/2017
TE100_MFP11.0R,TE100_MFP1,10/22/2020
TEG_204WS1.5R,TEG_204WS,8/4/2021
TEW_800MB1.0R,TEW_800MB,4/15/2016
TPE_5048WS1.5R,TPE_5048WS,8/4/2021
TPE_2840WS1.0R,TPE_2840WS,8/4/2021
TEW_810DR1.0R,TEW_810DR,4/17/2017
TEW_821DAP2.0R,TEW_821DAP,2/17/2023
TEW_635BRM2.0R,TEW_635BRM,4/7/2011
TEW_MFP11.0R,TEW_MFP1,4/19/2016
TV_M71.0R,TV_M7,1/13/2017
TV_IP551W1.0R,TV_IP551W,10/29/2014
TEW_652BRP1.0R,TEW_652BRP,3/5/2013
TV_IP201P1.0R,TV_IP201P,6/1/2009
TEW_673GRU1.0R,TEW_673GRU,1/6/2012
TEG_240D1.0R,TEG_240D,-
TEW_814DAP1.0R,TEW_814DAP,10/28/2020
TEG_082WS2.0R,TEG_082WS,8/4/2021
TEW_732BR1.0R,TEW_732BR,4/19/2016
TS_I300W1.0R,TS_I300W,1/11/2016
TS_S4021.0R,TS_S402,11/6/2012
TEG_424WS2.0R,TEG_424WS,9/2/2021
TDM_C5041.0R,TDM_C504,10/22/2020
TI_G160WS1.0R,TI_G160WS,1/27/2020
TV_IP651WI1.0R,TV_IP651WI,4/1/2014
TEW_435BRMB1,TEW_435BRMB1,-
TW100_BRV2141.0R,TW100_BRV214,9/3/2015
TEW_680MB1.0R,TEW_680MB,7/28/2017
TEW_736RE1.0R,TEW_736RE,10/7/2013
TEW_740APBO1.0R,TEW_740APBO,1/28/2021
TPE_5240WS1.5R,TPE_5240WS,8/4/2021
TEW_817DTR1.0R,TEW_817DTR,1/2/2020
TEW_436BRM1.0R,TEW_436BRM,5/23/2011
TEW639GR,TEW639GR,-
TEW_651BR1.0R,TEW_651BR,12/19/2012
TPE_1620WS2.0R,TPE_1620WS,8/4/2021
TPE_204US1.5R,TPE_204US,5/4/2022
TEW_714TRU1.0R_A,TEW-714TRU,5/18/2021
TEW_731BR1.0R,TEW_731BR,7/31/2019
TPE_4840WS1.0R,TPE_4840WS,6/22/2018
TEW_711BR2.0R,TEW_711BR,6/20/2016
FW_TV_IP851WIC_V1_1.03,FW-TV,-
TV_IP201__TV_IP201W1.0R,TV-IP201,3/18/2010
TEW_738APBO1.0R,TEW_738APBO,6/27/2018
TPE_1620WSF1.0R,TPE_1620WSF,8/4/2021
TEW_672GR1.0R,TEW_672GR,2/9/2010
TV_NVR4081.0R,TV_NVR408,11/4/2022
TEW_823DRU1.0R,TEW_823DRU,9/6/2016
TV_IP302PI1.0R,TV_IP302PI,1/1/2016
TV_IP851WC1.0R,TV_IP851WC,10/1/2014
TFC_1600MMC1.0R,TFC_1600MMC,-
TEW_740APBO2.0R,TEW_740APBO,1/28/2021
TEW_733GR1.0R,TEW_733GR,10/26/2017
TEW_638PAP1.0R,TEW_638PAP,-
TEW_650AP1.0R,TEW_650AP,5/28/2015
TEW_651BR2.0R,TEW_651BR,12/19/2012
TPE_1620WS1.0R,TPE_1620WS,8/4/2021
TV_IP851WIC1.0R,TV_IP851WIC,10/1/2014
TEW_434APBA1.0R,TEW_434APBA,-
TV_IP751WIC1.0R,TV_IP751WIC,11/17/2014
TEW_740APBO3.0R,TEW_740APBO,1/28/2021
TEW_721BRM1.0R,TEW_721BRM,3/20/2019
TEW_810DR1.1R,TEW_810DR,4/17/2017
TPE_5028WS1.5R,TPE_5028WS,8/4/2021
TV_IP121WN2.0R,TV_IP121WN,8/24/2012
TEW_676APBO1.0R,TEW_676APBO,6/19/2014
TEW_750DAP1.0R,TEW_750DAP,6/19/2018
TI_PG1284I2.0R,TI_PG1284I,6/16/2020
TEW_654TR1.0R,TEW_654TR,3/3/2014
TEW_731BR2.0R,TEW_731BR,7/31/2019
TEW_711BR1.0R,TEW_711BR,6/20/2016
TPE_3012LS1.0R,TPE_3012LS,-
TEW_647GA1.0R,TEW_647GA,10/27/2020