XR450, XR450
RBS40, RBS40
D6100, D6100
WN3100RPV1, WN3100RP
AC1450, AC1450
RP614v4V4, RP614v4
WNAP320, WNAP320
WNR1000V1_NA, WNR1000
WN2000RPTV1, WN2000RPT
LG6100D, LG6100D
R7850V1, R7850
WGM124, WGM124
DST6501, DST6501
M6100, M6100
DG834Gv4, DG834G
PR2000V1, PR2000
DGN2000, DGN2000
WNDR4500, WNDR4500
WNR2020, WNR2020
R6800V1, R6800
WNDRMACV2, WNDRMAC
WGR614V8, WGR614
WNR1000V3, WNR1000
JNR3000, JNR3000
RAX38V1, RAX38
EX5000, EX5000
M4300_96X, M4300
WNR1000_2VCNAS, WNR1000
XS712TV1, XS712T
GSM5212P, GSM5212P
WN604, WN604
R7500, R7500
WN2500RPV2, WN2500RP
MR314, MR314
WGU624, WGU624
WPN824NNA, WPN824NNA
SXS80, SXS80
WGT634U, WGT634U
R6900PV1, R6900P
R6900V2, R6900
WGR612NA, WGR612NA
WNHD3004WW, WNHD3004WW
WNDAP350, WNDAP350
R8500V1, R8500
R6700V2, R6700
WNR2000V2, WNR2000
XS728T, XS728T
MBRN3000, MBRN3000
R6220, R6220
EX6200v1, EX6200
WNR2000V5, WNR2000
WNDR3700V1, WNDR3700
DG834GVv1, DG834GV
R6250, R6250
WN3000RPV1, WN3000RP
FVX538v2, FVX538
EX7300v1, EX7300
LBR201BNCNS, LBR201BNCNS
RAX120V1, RAX120
GS348T, GS348T
JWNR2000v1, JWNR2000
JNR3210, JNR3210
SXR80, SXR80
LBR201H3NDS, LBR201H3NDS
XR300, XR300
WNHD3004, WNHD3004
WNR3500LV2, WNR3500L
WNDR4500v2, WNDR4500
WNR612V2, WNR612
EX7000, EX7000
RAX40V1, RAX40
WNR834M, WNR834M
XWN5001, XWN5001
DGN1000, DGN1000
CAX80, CAX80
WC7600V1, WC7600
WNDR3400V3, WNDR3400
R7900V1, R7900
RAX29V1, RAX29
M4100, M4100
R4500, R4500
DG834Gv3, DG834G
WGR612, WGR612
GC108P, GC108P
R6400, R6400
WNCE3001, WNCE3001
EX6000, EX6000
EX3110, EX3110
GS110TPP, GS110TPP
WNDR3300V1_NA, WNDR3300
R7000V1, R7000
D6000, D6000
RBR40, RBR40
WNR1000V3_NA, WNR1000
DGN1000v3, DGN1000
R8300V1, R8300
WN2000RPTV2, WN2000RPT
MBR624GU, MBR624GU
DG834v4, DG834
WN3100RPV2, WN3100RP
DG834v1___v2, DG834
GSM4212P, GSM4212P
DGND3700v1, DGND3700
RBR10V2, RBR10
D7800, D7800
WNDRMACV1, WNDRMAC
MS108EUP, MS108EUP
WNR612V2_RU, WNR612
R6900V1, R6900
M5300, M5300
GS716Tv3, GS716T
WN2500RPV1, WN2500RP
LBR201H3SDS, LBR201H3SDS
XS712TV2, XS712T
BR200, BR200
RBS50, RBS50
JGSM7224, JGSM7224
EX6200v2, EX6200
WNR2000V1, WNR2000
WNDR3700V5, WNDR3700
DGFV338, DGFV338
D8500, D8500
R6700V1, R6700
JWNR2000v5, JWNR2000
R6120, R6120
XCM8806, XCM8806
R6050, R6050
JWNR2000v2, JWNR2000
GS752TXS, GS752TXS
XS708T, XS708T
WN1000RP, WN1000RP
R6020, R6020
WPNT834NA, WPNT834NA
FVX538v1, FVX538
RS400, RS400
WFS709TP, WFS709TP
WN3000RPV2, WN3000RP
WC7500, WC7500
R6850V1, R6850
DG834GVv2, DG834GV
WNR2500, WNR2500
WG103, WG103
WNDR3700V2, WNDR3700
WC7600V2, WC7600
RBR50, RBR50
RBS20, RBS20
D7000v2, D7000
LBR1020, LBR1020
RBR20V2, RBR20
WNCE2001NA, WNCE2001NA
R7800V1, R7800
SRC60, SRC60
WNR3500LV1, WNR3500L
R7900P, R7900P
WGT624V4, WGT624
XAU2511, XAU2511
WNDR4300v2, WNDR4300
WNDR3700V1_NA, WNDR3700
AC2100, AC2100
EX6250v1, EX6250
WNDR4700, WNDR4700
WNDAP380R, WNDAP380R
MS510TX, MS510TX
GS324T, GS324T
R6700, R6700
WPN824EXTNA, WPN824EXTNA
MBM621, MBM621
GS108Tv3, GS108T
RAX30V1, RAX30
GS716TP, GS716TP
DG834v3, DG834
WGPS606, WGPS606
R7000PP, R7000PP
WNR3500V2_NA, WNR3500
GS752TS_B, GS752TS
R7900, R7900
WNDR3400V2, WNDR3400
FVS338, FVS338
R7200V1, R7200
SRR60, SRR60
WNR3500V1, WNR3500
WNDR3300V2, WNDR3300
R7500V1, R7500
DG834Gv2, DG834G
WNR834BV2, WNR834B
XAVN2001V2, XAVN2001
R6250V1, R6250
WNDAP380RCN, WNDAP380RCN
WN3500RPV1, WN3500RP
FVS336Gv1, FVS336G
PR2000, PR2000
WNDR4300, WNDR4300
WAC120, WAC120
DG834PN, DG834PN
WPNT834, WPNT834
R6300, R6300
DG834v1, DG834
DGN2200M, DGN2200M
WPN824V3, WPN824
WNR2000V2_NA, WNR2000
WNHD3004NA, WNHD3004NA
JNR1010v2, JNR1010
FVS318N, FVS318N
EX6150v1, EX6150
FVS318Gv1, FVS318G
SXS50, SXS50
WNR2000V4, WNR2000
DG834Nv1, DG834N
EX8000, EX8000
SRXN3205V3, SRXN3205
EX7700, EX7700
XRM570, XRM570
RBS10, RBS10
WNR854T, WNR854T
PLW1000v1, PLW1000
R6330V1, R6330
MBR1200, MBR1200
WNR612V3, WNR612
DM111PSPv2, DM111PSP
WNDR4500v3, WNDR4500
WGR101, WGR101
XS748T, XS748T
GSM4230P, GSM4230P
EX6120, EX6120
R6800, R6800
R8000V1, R8000
R6200V2, R6200
WGR614V10, WGR614V10
WNR2000V1_NA, WNR2000
R6700V3, R6700
WN802TV2V2, WN802TV2
R8500, R8500
S3300_52X__GS752TX, S3300
XR500, XR500
DGND3300v1, DGND3300
RP114, RP114
GS110TUP, GS110TUP
KWGR614, KWGR614
M7100_24X__XSM7224, M7100
SXR50, SXR50
R6260V1, R6260
R8900V1, R8900
DGN2200MNA, DGN2200MNA
MVBR1210C, MVBR1210C
WNR2000V3, WNR2000
GC110, GC110
WNCE4004, WNCE4004
WNHDE111, WNHDE111
WGR612LA, WGR612LA
R7450V1, R7450
GS750E, GS750E
DM111Pv2, DM111P
R6200, R6200
RS400V1, RS400
R7350V1, R7350
WND930, WND930
AC2400, AC2400
R6400V1, R6400
MBR1515, MBR1515
DM111PSPv11, DM111PSPv11
RAX35V1, RAX35
DG834Gv5, DG834G
SRS60, SRS60
EX6100v2, EX6100
R7800, R7800
S3300, S3300
WNR1000V2, WNR1000
R6300V1, R6300
WGR614V9, WGR614
WGR614V8_NA, WGR614
WPN824EXT, WPN824EXT
R7500V2, R7500
WNDR3300V1, WNDR3300
LG2200D, LG2200D
WNR3500V2, WNR3500
LBR201USNAS, LBR201USNAS
R6230V1, R6230
WNDR3400V1, WNDR3400
SXR30, SXR30
WC9500, WC9500
RAXE450V1, RAXE450
R9000V1, R9000
WN2000RPTV1_NA, WN2000RPT
MS510TXM, MS510TXM
WGR614V10_NA, WGR614V10
WNDR4000, WNDR4000
JNR1010v1, JNR1010
AC2600, AC2600
GSM7328SO, GSM7328SO
JWNR2010v3, JWNR2010
XAVN2001V1, XAVN2001
WC7520, WC7520
JNR3300GPL, JNR3300GPL
DGN2200v1, DGN2200
JWNR2000v3, JWNR2000
R6350V1, R6350
D3600, D3600
WNDR3700V3, WNDR3700
XR700, XR700
WN3000RPV3, WN3000RP
DGN3500, DGN3500
FVS318Gv2, FVS318G
AircardHub, AircardHub
WNAP210V1V1, WNAP210V1
GS728TS_B, GS728TS
GS308T, GS308T
R6220V1, R6220
R7400V1, R7400
RBS50Y, RBS50Y
R6080, R6080
WNR612V2_PR, WNR612
WNR2200, WNR2200
DG632, DG632
WGR614V9_NA, WGR614
WG602v1, WG602
WNAP210V2V2, WNAP210V2
WNR834BV2_NA, WNR834B
DC112A, DC112A
PLW1000v2, PLW1000
R7300V1, R7300
GSM4210P, GSM4210P
EX3700, EX3700
WPN824N, WPN824N
R6200V1, R6200
WNDAP360, WNDAP360
NTV350, NTV350
WNDR3700V4, WNDR3700
DG834GT, DG834GT
BR500, BR500
R7960P, R7960P
DGND3300v2, DGND3300
JR6150, JR6150
GS316EP, GS316EP
GC728X, GC728X
WAC124, WAC124
WN2000RPTV3, WN2000RPT
WNDR3800, WNDR3800
RAXE500V1, RAXE500
DM111Pv1, DM111P
EX6130, EX6130
R6100, R6100
LBR20, LBR20
XSM7224, XSM7224
WNR1000V1, WNR1000
R6300V2, R6300
SXS30, SXS30
WNCE2001WW, WNCE2001WW
EX6100v1, EX6100
WNAP210v1, WNAP210
RAX35, RAX35
EX2700, EX2700
DM200, DM200
R7100LGLG, R7100LGLG
MBR1516, MBR1516
R6400V2, R6400
